Symbol,Name,LastSale,MarketCap,ADR TSO,IPOyear,Sector,Industry,Summary Quote
VNET,"21Vianet Group, Inc.",7.6,453657930.8,59691833,2011,Technology,"Computer Software: Programming, Data Processing",http://www.nasdaq.com/symbol/vnet
TWOU,"2U, Inc.",62.54,3250891365,n/a,2014,Technology,Computer Software: Prepackaged Software,http://www.nasdaq.com/symbol/twou
DDD,3D Systems Corporation,12.26,1395191053,n/a,n/a,Technology,Computer Software: Prepackaged Software,http://www.nasdaq.com/symbol/ddd
JOBS,"51job, Inc.",61.76,1654758593,26793371,2004,Technology,Diversified Commercial Services,http://www.nasdaq.com/symbol/jobs
WUBA,58.com Inc.,64.31,9361894423,n/a,2013,Technology,"Computer Software: Programming, Data Processing",http://www.nasdaq.com/symbol/wuba
ATEN,"A10 Networks, Inc.",7.47,528623850.2,n/a,2014,Technology,Computer Communications Equipment,http://www.nasdaq.com/symbol/aten
AAN,"Aaron&#39;s,  Inc.",42.39,3076594179,n/a,n/a,Technology,Diversified Commercial Services,http://www.nasdaq.com/symbol/aan
ACIA,"Acacia Communications, Inc.",44.83,1758596844,n/a,2016,Technology,Semiconductors,http://www.nasdaq.com/symbol/acia
ACIW,"ACI Worldwide, Inc.",23.95,2831005056,n/a,n/a,Technology,Computer Software: Prepackaged Software,http://www.nasdaq.com/symbol/aciw
ATVI,"Activision Blizzard, Inc",62.73,47356205245,n/a,n/a,Technology,Computer Software: Prepackaged Software,http://www.nasdaq.com/symbol/atvi
ACTA,Actua Corporation,15.6,511680000,n/a,n/a,Technology,EDP Services,http://www.nasdaq.com/symbol/acta
ATU,Actuant Corporation,26.15,1561052623,n/a,n/a,Technology,Industrial Machinery/Components,http://www.nasdaq.com/symbol/atu
ACXM,Acxiom Corporation,25.12,2004833028,n/a,n/a,Technology,EDP Services,http://www.nasdaq.com/symbol/acxm
IOTS,Adesto Technologies Corporation,7.8,163358496.6,n/a,2015,Technology,Semiconductors,http://www.nasdaq.com/symbol/iots
ADBE,Adobe Systems Incorporated,171.58,84579162342,n/a,1986,Technology,Computer Software: Prepackaged Software,http://www.nasdaq.com/symbol/adbe
AMD,"Advanced Micro Devices, Inc.",14.25,13491601306,n/a,n/a,Technology,Semiconductors,http://www.nasdaq.com/symbol/amd
ASX,"Advanced Semiconductor Engineering, Inc.",6.26,10358479648,n/a,n/a,Technology,Semiconductors,http://www.nasdaq.com/symbol/asx
AER,Aercap Holdings N.V.,52.9,8644845315,n/a,2006,Technology,Diversified Commercial Services,http://www.nasdaq.com/symbol/aer
ACY,AeroCentury Corp.,12.85,18204582.15,n/a,n/a,Technology,Diversified Commercial Services,http://www.nasdaq.com/symbol/acy
HIVE,"Aerohive Networks, Inc.",3.81,205258678.9,n/a,2014,Technology,EDP Services,http://www.nasdaq.com/symbol/hive
AGYS,"Agilysys, Inc.",12.19,285144359.8,n/a,n/a,Technology,EDP Services,http://www.nasdaq.com/symbol/agys
AL,Air Lease Corporation,44.04,4545458154,n/a,2011,Technology,Diversified Commercial Services,http://www.nasdaq.com/symbol/al
AYR,Aircastle Limited,23.33,1836390738,n/a,2006,Technology,Diversified Commercial Services,http://www.nasdaq.com/symbol/ayr
AIRG,"Airgain, Inc.",9.09,86757323.4,n/a,2016,Technology,Radio And Television Broadcasting And Communications Equipment,http://www.nasdaq.com/symbol/airg
AMCN,AirMedia Group Inc,2.17,98035715.33,45177749,2007,Technology,Advertising,http://www.nasdaq.com/symbol/amcn
ALRM,"Alarm.com Holdings, Inc.",49.28,2301778420,n/a,2015,Technology,Computer Software: Prepackaged Software,http://www.nasdaq.com/symbol/alrm
ALLT,Allot Communications Ltd.,5.43,179811083.4,n/a,2006,Technology,Computer Communications Equipment,http://www.nasdaq.com/symbol/allt
MDRX,"Allscripts Healthcare Solutions, Inc.",13.98,2524954250,n/a,n/a,Technology,EDP Services,http://www.nasdaq.com/symbol/mdrx
AOSL,Alpha and Omega Semiconductor Limited,17.54,421624239.8,n/a,2010,Technology,Semiconductors,http://www.nasdaq.com/symbol/aosl
GOOG,Alphabet Inc.,970.54,6.72E+11,n/a,2004,Technology,"Computer Software: Programming, Data Processing",http://www.nasdaq.com/symbol/goog
GOOGL,Alphabet Inc.,988.49,6.85E+11,n/a,n/a,Technology,"Computer Software: Programming, Data Processing",http://www.nasdaq.com/symbol/googl
AABA,Altaba Inc.,66.61,59074707714,n/a,n/a,Technology,EDP Services,http://www.nasdaq.com/symbol/aaba
AYX,"Alteryx, Inc.",22.3,1310083277,n/a,2017,Technology,Computer Software: Prepackaged Software,http://www.nasdaq.com/symbol/ayx
AMBA,"Ambarella, Inc.",54.08,1796224206,n/a,2012,Technology,Semiconductors,http://www.nasdaq.com/symbol/amba
AMBR,"Amber Road, Inc.",7.91,214826891.1,n/a,2014,Technology,Computer Software: Prepackaged Software,http://www.nasdaq.com/symbol/ambr
DOX,Amdocs Limited,65.85,9571626750,n/a,n/a,Technology,EDP Services,http://www.nasdaq.com/symbol/dox
AMSWA,"American Software, Inc.",12.34,366840114.2,n/a,n/a,Technology,Computer Software: Prepackaged Software,http://www.nasdaq.com/symbol/amswa
AMKR,"Amkor Technology, Inc.",10.63,2543497013,n/a,1998,Technology,Semiconductors,http://www.nasdaq.com/symbol/amkr
AMN,AMN Healthcare Services Inc,42.9,2056915832,n/a,n/a,Technology,Professional Services,http://www.nasdaq.com/symbol/amn
ASYS,"Amtech Systems, Inc.",14.2,206623333.8,n/a,n/a,Technology,Industrial Machinery/Components,http://www.nasdaq.com/symbol/asys
ADI,"Analog Devices, Inc.",90.29,33196720696,n/a,n/a,Technology,Semiconductors,http://www.nasdaq.com/symbol/adi
ANSS,"ANSYS, Inc.",132.11,11197732510,n/a,1996,Technology,Computer Software: Prepackaged Software,http://www.nasdaq.com/symbol/anss
APPF,"AppFolio, Inc.",48.25,1636269874,n/a,2015,Technology,Computer Software: Prepackaged Software,http://www.nasdaq.com/symbol/appf
APPN,Appian Corporation,22.49,1352048422,n/a,2017,Technology,Computer Software: Prepackaged Software,http://www.nasdaq.com/symbol/appn
AAPL,Apple Inc.,157.1,8.11E+11,n/a,1980,Technology,Computer Manufacturing,http://www.nasdaq.com/symbol/aapl
AMAT,"Applied Materials, Inc.",56.38,60128546363,n/a,1972,Technology,Semiconductors,http://www.nasdaq.com/symbol/amat
AAOI,"Applied Optoelectronics, Inc.",41.66,804171728.6,n/a,2013,Technology,Semiconductors,http://www.nasdaq.com/symbol/aaoi
APTI,"Apptio, Inc.",18.6,743175406.2,n/a,2016,Technology,Computer Software: Prepackaged Software,http://www.nasdaq.com/symbol/apti
ANET,"Arista Networks, Inc.",193.1,14005535855,n/a,2014,Technology,Computer Communications Equipment,http://www.nasdaq.com/symbol/anet
ARRS,ARRIS International plc,28.12,5273524299,n/a,n/a,Technology,Radio And Television Broadcasting And Communications Equipment,http://www.nasdaq.com/symbol/arrs
ASML,ASML Holding N.V.,178.43,12646521373,70876654,1995,Technology,Industrial Machinery/Components,http://www.nasdaq.com/symbol/asml
AZPN,"Aspen Technology, Inc.",66.14,4834781683,n/a,1994,Technology,EDP Services,http://www.nasdaq.com/symbol/azpn
ALOT,"AstroNova, Inc.",12.5,84279575,n/a,1983,Technology,Computer peripheral equipment,http://www.nasdaq.com/symbol/alot
ASUR,Asure Software Inc,10.83,134521552.7,n/a,n/a,Technology,EDP Services,http://www.nasdaq.com/symbol/asur
TEAM,Atlassian Corporation Plc,49.28,11259411363,n/a,2015,Technology,Computer Software: Prepackaged Software,http://www.nasdaq.com/symbol/team
ATOM,Atomera Incorporated,3.19,38792432.03,n/a,2016,Technology,Semiconductors,http://www.nasdaq.com/symbol/atom
ATTU,Attunity Ltd.,6.94,118413368.3,n/a,n/a,Technology,Computer Software: Prepackaged Software,http://www.nasdaq.com/symbol/attu
AUO,AU Optronics Corp,4.07,3917067760,n/a,2002,Technology,Semiconductors,http://www.nasdaq.com/symbol/auo
ADSK,"Autodesk, Inc.",119.29,26147443264,n/a,n/a,Technology,Computer Software: Prepackaged Software,http://www.nasdaq.com/symbol/adsk
ATHM,Autohome Inc.,58.68,6765641104,n/a,2013,Technology,EDP Services,http://www.nasdaq.com/symbol/athm
ADP,"Automatic Data Processing, Inc.",116.46,51759800103,n/a,n/a,Technology,EDP Services,http://www.nasdaq.com/symbol/adp
AUTO,"AutoWeb, Inc.",7.26,92368602.48,n/a,n/a,Technology,"Computer Software: Programming, Data Processing",http://www.nasdaq.com/symbol/auto
AVNW,"Aviat Networks, Inc.",15,79769355,n/a,n/a,Technology,Radio And Television Broadcasting And Communications Equipment,http://www.nasdaq.com/symbol/avnw
AVID,"Avid Technology, Inc.",4.45,183027672.3,n/a,1993,Technology,Computer Software: Prepackaged Software,http://www.nasdaq.com/symbol/avid
AWRE,"Aware, Inc.",4.6,99954149.8,n/a,1996,Technology,Computer Software: Prepackaged Software,http://www.nasdaq.com/symbol/awre
ACLS,"Axcelis Technologies, Inc.",33,1030385433,n/a,2000,Technology,Industrial Machinery/Components,http://www.nasdaq.com/symbol/acls
AXTI,AXT Inc,9.05,349824519.2,n/a,1998,Technology,Semiconductors,http://www.nasdaq.com/symbol/axti
BOSC,B.O.S. Better Online Solutions,1.84,5954826.96,n/a,n/a,Technology,Computer Communications Equipment,http://www.nasdaq.com/symbol/bosc
BIDU,"Baidu, Inc.",264,72737295840,275520060,2005,Technology,"Computer Software: Programming, Data Processing",http://www.nasdaq.com/symbol/bidu
RATE,"Bankrate, Inc.",13.9,1246753258,n/a,2011,Technology,EDP Services,http://www.nasdaq.com/symbol/rate
CUDA,"Barracuda Networks, Inc.",23.26,1239321735,n/a,2013,Technology,Computer peripheral equipment,http://www.nasdaq.com/symbol/cuda
BBSI,"Barrett Business Services, Inc.",60.3,439910087.4,n/a,1993,Technology,Professional Services,http://www.nasdaq.com/symbol/bbsi
BV,"Bazaarvoice, Inc.",4.9,420855972.6,n/a,2012,Technology,Computer Software: Prepackaged Software,http://www.nasdaq.com/symbol/bv
BHE,"Benchmark Electronics, Inc.",30.3,1512702321,n/a,n/a,Technology,Electrical Products,http://www.nasdaq.com/symbol/bhe
BNFT,"Benefitfocus, Inc.",28.7,894860317.4,n/a,2013,Technology,Computer Software: Prepackaged Software,http://www.nasdaq.com/symbol/bnft
BGSF,BG Staffing Inc,17.54,153639455,n/a,n/a,Technology,Professional Services,http://www.nasdaq.com/symbol/bgsf
BKYI,"BIO-key International, Inc.",2.47,16051141.86,n/a,n/a,Technology,Computer Communications Equipment,http://www.nasdaq.com/symbol/bkyi
BITA,Bitauto Holdings Limited,50.3,3557519058,n/a,2010,Technology,EDP Services,http://www.nasdaq.com/symbol/bita
BBOX,Black Box Corporation,3.225,48819108.3,n/a,n/a,Technology,Computer Communications Equipment,http://www.nasdaq.com/symbol/bbox
BKI,"Black Knight, Inc.",44.7,6859293627,n/a,2017,Technology,Computer Software: Prepackaged Software,http://www.nasdaq.com/symbol/bki
BLKB,"Blackbaud, Inc.",91.52,4398548486,n/a,2004,Technology,Computer Software: Prepackaged Software,http://www.nasdaq.com/symbol/blkb
BBRY,BlackBerry Limited,11.02,5844013842,n/a,n/a,Technology,Computer Software: Prepackaged Software,http://www.nasdaq.com/symbol/bb
BL,"BlackLine, Inc.",34.17,1792904445,n/a,2016,Technology,Computer Software: Prepackaged Software,http://www.nasdaq.com/symbol/bl
BDR,"Blonder Tongue Laboratories, Inc.",0.4,3248734,n/a,n/a,Technology,Radio And Television Broadcasting And Communications Equipment,http://www.nasdaq.com/symbol/bdr
EPAY,"Bottomline Technologies, Inc.",32.84,1326231479,n/a,1999,Technology,Computer Software: Prepackaged Software,http://www.nasdaq.com/symbol/epay
BOX,"Box, Inc.",21.11,2823781514,n/a,2015,Technology,Computer Software: Prepackaged Software,http://www.nasdaq.com/symbol/box
BLIN,"Bridgeline Digital, Inc.",2.85,11972416.8,n/a,n/a,Technology,Computer Software: Prepackaged Software,http://www.nasdaq.com/symbol/blin
BCOV,Brightcove Inc.,7,240415882,n/a,2012,Technology,EDP Services,http://www.nasdaq.com/symbol/bcov
AVGO,Broadcom Limited,247.68,1.01E+11,n/a,2009,Technology,Semiconductors,http://www.nasdaq.com/symbol/avgo
BSFT,"BroadSoft, Inc.",54.95,1704207980,n/a,2010,Technology,Computer Software: Prepackaged Software,http://www.nasdaq.com/symbol/bsft
BVSN,"BroadVision, Inc.",4.14,20556391.68,n/a,1996,Technology,Computer Software: Prepackaged Software,http://www.nasdaq.com/symbol/bvsn
BRCD,"Brocade Communications Systems, Inc.",11.86,4907859349,n/a,1999,Technology,Computer Communications Equipment,http://www.nasdaq.com/symbol/brcd
BRKS,"Brooks Automation, Inc.",32.55,2270665215,n/a,1995,Technology,Industrial Machinery/Components,http://www.nasdaq.com/symbol/brks
CA,CA Inc.,34.29,14445351729,n/a,n/a,Technology,Computer Software: Prepackaged Software,http://www.nasdaq.com/symbol/ca
CCMP,Cabot Microelectronics Corporation,85.54,2164683537,n/a,2000,Technology,Semiconductors,http://www.nasdaq.com/symbol/ccmp
CACI,"CACI International, Inc.",143.3,3512089402,n/a,n/a,Technology,EDP Services,http://www.nasdaq.com/symbol/caci
CDNS,"Cadence Design Systems, Inc.",42.31,11855304310,n/a,n/a,Technology,Computer Software: Prepackaged Software,http://www.nasdaq.com/symbol/cdns
CAI,"CAI International, Inc.",38.88,749143067,n/a,n/a,Technology,Diversified Commercial Services,http://www.nasdaq.com/symbol/cai
CAMP,CalAmp Corp.,22.62,805302763.2,n/a,1983,Technology,Radio And Television Broadcasting And Communications Equipment,http://www.nasdaq.com/symbol/camp
CALD,"Callidus Software, Inc.",25.55,1728270116,n/a,2003,Technology,EDP Services,http://www.nasdaq.com/symbol/cald
CSIQ,Canadian Solar Inc.,16.68,964648985.6,n/a,2006,Technology,Semiconductors,http://www.nasdaq.com/symbol/csiq
CARB,"Carbonite, Inc.",23.35,649107910.9,n/a,2011,Technology,EDP Services,http://www.nasdaq.com/symbol/carb
CARG,"CarGurus, Inc.",29.09,3063366841,n/a,2017,Technology,EDP Services,http://www.nasdaq.com/symbol/carg
CARS,Cars.com Inc.,24.6,1761092770,n/a,2017,Technology,EDP Services,http://www.nasdaq.com/symbol/cars
CSLT,"Castlight Health, inc.",4.25,559671190.8,n/a,2014,Technology,EDP Services,http://www.nasdaq.com/symbol/cslt
CAVM,"Cavium, Inc.",69.03,4746496863,n/a,2007,Technology,Semiconductors,http://www.nasdaq.com/symbol/cavm
CLS,"Celestica, Inc.",12.22,1528555124,n/a,1998,Technology,Electrical Products,http://www.nasdaq.com/symbol/cls
CRNT,Ceragon Networks Ltd.,2.05,159784312.4,n/a,n/a,Technology,Radio And Television Broadcasting And Communications Equipment,http://www.nasdaq.com/symbol/crnt
CERN,Cerner Corporation,72.38,23999949674,n/a,1986,Technology,EDP Services,http://www.nasdaq.com/symbol/cern
CEVA,"CEVA, Inc.",45.65,1002667328,n/a,n/a,Technology,Semiconductors,http://www.nasdaq.com/symbol/ceva
CYOU,Changyou.com Limited,39.84,765531815,19215156,2009,Technology,Computer Software: Prepackaged Software,http://www.nasdaq.com/symbol/cyou
ECOM,ChannelAdvisor Corporation,11.5,303960329.5,n/a,2013,Technology,Computer Software: Prepackaged Software,http://www.nasdaq.com/symbol/ecom
CHKP,Check Point Software Technologies Ltd.,117.27,19463912173,n/a,1996,Technology,Computer Software: Prepackaged Software,http://www.nasdaq.com/symbol/chkp
CMCM,Cheetah Mobile Inc.,8.27,1187845696,n/a,2014,Technology,Computer Software: Prepackaged Software,http://www.nasdaq.com/symbol/cmcm
CVR,Chicago Rivet & Machine Co.,31.8,30722997.6,n/a,n/a,Technology,Industrial Machinery/Components,http://www.nasdaq.com/symbol/cvr
CNIT,"China Information Technology, Inc.",1.27,51093571.93,n/a,n/a,Technology,Computer Software: Prepackaged Software,http://www.nasdaq.com/symbol/cnit
CCIH,ChinaCache International Holdings Ltd.,1.12,22414530.88,20012974,2010,Technology,EDP Services,http://www.nasdaq.com/symbol/ccih
CNET,"ChinaNet Online Holdings, Inc.",1.2,14808650.4,n/a,n/a,Technology,"Computer Software: Programming, Data Processing",http://www.nasdaq.com/symbol/cnet
IMOS,ChipMOS TECHNOLOGIES INC.,20.56,260064632.5,12649058,n/a,Technology,Semiconductors,http://www.nasdaq.com/symbol/imos
CRUS,"Cirrus Logic, Inc.",53.6,3419801833,n/a,1989,Technology,Semiconductors,http://www.nasdaq.com/symbol/crus
CSCO,"Cisco Systems, Inc.",34.58,1.71E+11,n/a,1990,Technology,Computer Communications Equipment,http://www.nasdaq.com/symbol/csco
CISN,Cision Ltd.,13.15,1586349224,n/a,2017,Technology,Computer Software: Prepackaged Software,http://www.nasdaq.com/symbol/cisn
CTXS,"Citrix Systems, Inc.",83.19,12604227127,n/a,1995,Technology,Computer Software: Prepackaged Software,http://www.nasdaq.com/symbol/ctxs
CLNT,"Cleantech Solutions International, Inc.",4.71,9240412.41,n/a,n/a,Technology,Industrial Machinery/Components,http://www.nasdaq.com/symbol/clnt
CLDR,"Cloudera, Inc.",16.15,2123420459,n/a,2017,Technology,Computer Software: Prepackaged Software,http://www.nasdaq.com/symbol/cldr
CTSH,Cognizant Technology Solutions Corporation,74.69,44113608791,n/a,1998,Technology,EDP Services,http://www.nasdaq.com/symbol/ctsh
CHUBA,"CommerceHub, Inc.",22.41,969220577.9,n/a,n/a,Technology,Computer Software: Prepackaged Software,http://www.nasdaq.com/symbol/chuba
CHUBK,"CommerceHub, Inc.",21.31,921646163.1,n/a,n/a,Technology,Computer Software: Prepackaged Software,http://www.nasdaq.com/symbol/chubk
COMM,"CommScope Holding Company, Inc.",32.4,6254538282,n/a,2013,Technology,Radio And Television Broadcasting And Communications Equipment,http://www.nasdaq.com/symbol/comm
CVLT,"Commvault Systems, Inc.",52.5,2389649903,n/a,2006,Technology,Computer Software: Prepackaged Software,http://www.nasdaq.com/symbol/cvlt
CPSI,"Computer Programs and Systems, Inc.",31.45,432617582.7,n/a,2002,Technology,EDP Services,http://www.nasdaq.com/symbol/cpsi
CTG,"Computer Task Group, Incorporated",5.15,80853918.5,n/a,n/a,Technology,EDP Services,http://www.nasdaq.com/symbol/ctg
CMTL,Comtech Telecommunications Corp.,21.7,511814919.7,n/a,n/a,Technology,Radio And Television Broadcasting And Communications Equipment,http://www.nasdaq.com/symbol/cmtl
CCUR,Concurrent Computer Corporation,6.62,65498961.86,n/a,n/a,Technology,Computer Manufacturing,http://www.nasdaq.com/symbol/ccur
CNXR,"Connecture, Inc.",0.28,6405780.36,n/a,2014,Technology,Computer Software: Prepackaged Software,http://www.nasdaq.com/symbol/cnxr
CVG,Convergys Corporation,26.28,2451400765,n/a,1998,Technology,EDP Services,http://www.nasdaq.com/symbol/cvg
CLGX,"CoreLogic, Inc.",48.88,4121009060,n/a,n/a,Technology,EDP Services,http://www.nasdaq.com/symbol/clgx
CSOD,"Cornerstone OnDemand, Inc.",39.58,2278977612,n/a,2011,Technology,Computer Software: Prepackaged Software,http://www.nasdaq.com/symbol/csod
CPAH,CounterPath Corporation,2.3982,13281675.27,n/a,n/a,Technology,Computer Software: Prepackaged Software,http://www.nasdaq.com/symbol/cpah
COUP,Coupa Software Incorporated,35.23,1888474944,n/a,2016,Technology,Computer Software: Prepackaged Software,http://www.nasdaq.com/symbol/coup
CRAY,Cray Inc,18.85,760983453.8,n/a,n/a,Technology,Computer Manufacturing,http://www.nasdaq.com/symbol/cray
CREE,"Cree, Inc.",33.67,3304211915,n/a,1993,Technology,Semiconductors,http://www.nasdaq.com/symbol/cree
CRTO,Criteo S.A.,42.57,2717271324,63830663,2013,Technology,Advertising,http://www.nasdaq.com/symbol/crto
CCRN,"Cross Country Healthcare, Inc.",13.86,505811039.6,n/a,2001,Technology,Professional Services,http://www.nasdaq.com/symbol/ccrn
CSGS,"CSG Systems International, Inc.",41.04,1378312682,n/a,1996,Technology,EDP Services,http://www.nasdaq.com/symbol/csgs
CSPI,CSP Inc.,11.09,43512535.47,n/a,1982,Technology,EDP Services,http://www.nasdaq.com/symbol/cspi
CSRA,CSRA Inc.,31.54,5155999513,n/a,2015,Technology,EDP Services,http://www.nasdaq.com/symbol/csra
CTS,CTS Corporation,25.45,838153146.7,n/a,n/a,Technology,Electrical Products,http://www.nasdaq.com/symbol/cts
CW,Curtiss-Wright Corporation,114.19,5040107486,n/a,n/a,Technology,Industrial Machinery/Components,http://www.nasdaq.com/symbol/cw
CVV,CVD Equipment Corporation,11.0644,70594169.19,n/a,n/a,Technology,Industrial Machinery/Components,http://www.nasdaq.com/symbol/cvv
CYBR,CyberArk Software Ltd.,43.47,1496377417,n/a,2014,Technology,Computer Software: Prepackaged Software,http://www.nasdaq.com/symbol/cybr
CY,Cypress Semiconductor Corporation,15.85,5269937320,n/a,1986,Technology,Semiconductors,http://www.nasdaq.com/symbol/cy
CYRN,CYREN Ltd.,1.84,72100631.84,n/a,n/a,Technology,Computer Software: Prepackaged Software,http://www.nasdaq.com/symbol/cyrn
DQ,DAQO New Energy Corp.,36.87,387836967.9,n/a,2010,Technology,Semiconductors,http://www.nasdaq.com/symbol/dq
DWCH,Datawatch Corporation,11.9,145173574,n/a,1992,Technology,Computer Software: Prepackaged Software,http://www.nasdaq.com/symbol/dwch
DVMT,Dell Technologies Inc.,83.25,16911452453,n/a,n/a,Technology,Computer Manufacturing,http://www.nasdaq.com/symbol/dvmt
DTRM,"Determine, Inc. ",2.21,32280183.78,n/a,n/a,Technology,Computer Software: Prepackaged Software,http://www.nasdaq.com/symbol/dtrm
DGII,Digi International Inc.,10.4,276012952.8,n/a,1989,Technology,Computer Communications Equipment,http://www.nasdaq.com/symbol/dgii
DMRC,Digimarc Corporation,36.1,406749818.8,n/a,n/a,Technology,EDP Services,http://www.nasdaq.com/symbol/dmrc
DGLY,"Digital Ally, Inc.",2.25,15618894.75,n/a,n/a,Technology,Radio And Television Broadcasting And Communications Equipment,http://www.nasdaq.com/symbol/dgly
DIOD,Diodes Incorporated,33.86,1661622514,n/a,n/a,Technology,Semiconductors,http://www.nasdaq.com/symbol/diod
DLHC,DLH Holdings Corp.,6.08,70526638.08,n/a,n/a,Technology,Professional Services,http://www.nasdaq.com/symbol/dlhc
DOV,Dover Corporation,95.89,14938807620,n/a,n/a,Technology,Industrial Machinery/Components,http://www.nasdaq.com/symbol/dov
DSPG,"DSP Group, Inc.",13.45,299258545.7,n/a,1994,Technology,Semiconductors,http://www.nasdaq.com/symbol/dspg
DST,"DST Systems, Inc.",57.74,3493780595,n/a,1995,Technology,EDP Services,http://www.nasdaq.com/symbol/dst
DXC,DXC Technology Company,91.41,26023469023,n/a,n/a,Technology,EDP Services,http://www.nasdaq.com/symbol/dxc
ETN,"Eaton Corporation, PLC",79.58,35397184000,n/a,n/a,Technology,Industrial Machinery/Components,http://www.nasdaq.com/symbol/etn
EBIX,"Ebix, Inc.",66.4,2088415522,n/a,n/a,Technology,EDP Services,http://www.nasdaq.com/symbol/ebix
ELON,Echelon Corporation,4.71,20979070.05,n/a,1998,Technology,Computer Communications Equipment,http://www.nasdaq.com/symbol/elon
SATS,EchoStar Corporation,54.89,5250150666,n/a,n/a,Technology,Radio And Television Broadcasting And Communications Equipment,http://www.nasdaq.com/symbol/sats
EDGW,"Edgewater Technology, Inc.",6.47,90193126.35,n/a,n/a,Technology,"Computer Software: Programming, Data Processing",http://www.nasdaq.com/symbol/edgw
EGAN,eGain Corporation,2.95,80330184.45,n/a,1999,Technology,Computer Software: Prepackaged Software,http://www.nasdaq.com/symbol/egan
EA,Electronic Arts Inc.,113.39,35006636057,n/a,n/a,Technology,Computer Software: Prepackaged Software,http://www.nasdaq.com/symbol/ea
EFII,"Electronics for Imaging, Inc.",43,1994260149,n/a,1992,Technology,Computer Communications Equipment,http://www.nasdaq.com/symbol/efii
ELLI,"Ellie Mae, Inc.",89.52,3077562872,n/a,2011,Technology,Computer Software: Prepackaged Software,http://www.nasdaq.com/symbol/elli
ELTK,Eltek Ltd.,0.64,6491367.68,n/a,1997,Technology,Electrical Products,http://www.nasdaq.com/symbol/eltk
EMAN,eMagin Corporation,2.15,75191047,n/a,n/a,Technology,Semiconductors,http://www.nasdaq.com/symbol/eman
EMKR,EMCORE Corporation,8.4,225784944,n/a,1997,Technology,Semiconductors,http://www.nasdaq.com/symbol/emkr
EIGI,"Endurance International Group Holdings, Inc.",8.15,1166407658,n/a,2013,Technology,Computer Software: Prepackaged Software,http://www.nasdaq.com/symbol/eigi
WATT,Energous Corporation,11.48,251411322.7,n/a,2014,Technology,Radio And Television Broadcasting And Communications Equipment,http://www.nasdaq.com/symbol/watt
ERII,"Energy Recovery, Inc.",8.14,436112880.9,n/a,2008,Technology,Industrial Machinery/Components,http://www.nasdaq.com/symbol/erii
ENPH,"Enphase Energy, Inc.",1.33,112492756.6,n/a,2012,Technology,Semiconductors,http://www.nasdaq.com/symbol/enph
EPAM,"EPAM Systems, Inc.",90.8,4769119000,n/a,2012,Technology,EDP Services,http://www.nasdaq.com/symbol/epam
PLUS,ePlus inc.,92.25,1306923093,n/a,1996,Technology,Retail: Computer Software & Peripheral Equipment,http://www.nasdaq.com/symbol/plus
ERIC,Ericsson,6.52,2126911479,326213417,n/a,Technology,Radio And Television Broadcasting And Communications Equipment,http://www.nasdaq.com/symbol/eric
EVBG,"Everbridge, Inc.",26.51,744806243.9,n/a,2016,Technology,Computer Software: Prepackaged Software,http://www.nasdaq.com/symbol/evbg
MRAM,"Everspin Technologies, Inc.",11.78,149304326,n/a,2016,Technology,Semiconductors,http://www.nasdaq.com/symbol/mram
EVTC,"Evertec, Inc.",14.35,1038671727,n/a,2013,Technology,EDP Services,http://www.nasdaq.com/symbol/evtc
EVOL,"Evolving Systems, Inc.",4.6,57608440.4,n/a,1998,Technology,EDP Services,http://www.nasdaq.com/symbol/evol
EXA,Exa Corporation,24.18,364351880.9,n/a,2012,Technology,Computer Software: Prepackaged Software,http://www.nasdaq.com/symbol/exa
EXTN,Exterran Corporation,30.37,1087048777,n/a,2015,Technology,Diversified Commercial Services,http://www.nasdaq.com/symbol/extn
EXTR,"Extreme Networks, Inc.",11.62,1314016198,n/a,1999,Technology,Computer Communications Equipment,http://www.nasdaq.com/symbol/extr
FFIV,"F5 Networks, Inc.",119.15,7571576556,n/a,1999,Technology,Computer Communications Equipment,http://www.nasdaq.com/symbol/ffiv
FB,"Facebook, Inc.",171.8,4.99E+11,n/a,2012,Technology,"Computer Software: Programming, Data Processing",http://www.nasdaq.com/symbol/fb
FDS,FactSet Research Systems Inc.,187.27,7346281681,n/a,1996,Technology,"Computer Software: Programming, Data Processing",http://www.nasdaq.com/symbol/fds
SFUN,Fang Holdings Limited,4.54,1975160142,n/a,2010,Technology,EDP Services,http://www.nasdaq.com/symbol/sfun
FNSR,Finisar Corporation,23.31,2654719140,n/a,1999,Technology,Semiconductors,http://www.nasdaq.com/symbol/fnsr
FEYE,"FireEye, Inc.",16.68,3038562307,n/a,2013,Technology,Computer peripheral equipment,http://www.nasdaq.com/symbol/feye
FSLR,"First Solar, Inc.",48.61,5075729960,n/a,2006,Technology,Semiconductors,http://www.nasdaq.com/symbol/fslr
FISV,"Fiserv, Inc.",127.39,26811205141,n/a,1986,Technology,EDP Services,http://www.nasdaq.com/symbol/fisv
FIT,"Fitbit, Inc.",6.06,1411569362,n/a,2015,Technology,Computer Manufacturing,http://www.nasdaq.com/symbol/fit
FIVN,"Five9, Inc.",24.53,1352009192,n/a,2014,Technology,EDP Services,http://www.nasdaq.com/symbol/fivn
FLEX,Flex Ltd.,17.78,9465651556,n/a,1994,Technology,Electrical Products,http://www.nasdaq.com/symbol/flex
FPAY,"FlexShopper, Inc.",4.33,22915576.73,n/a,n/a,Technology,Diversified Commercial Services,http://www.nasdaq.com/symbol/fpay
FRSX,Foresight Autonomous Holdings Ltd.,5.77,5047019,874700,n/a,Technology,Computer Software: Prepackaged Software,http://www.nasdaq.com/symbol/frsx
FORM,"FormFactor, Inc.",17.4,1262276823,n/a,2003,Technology,Semiconductors,http://www.nasdaq.com/symbol/form
FORTY,Formula Systems (1985) Ltd.,42.38,7922008.64,186928,n/a,Technology,EDP Services,http://www.nasdaq.com/symbol/forty
FTNT,"Fortinet, Inc.",40,7033413120,n/a,2009,Technology,Computer peripheral equipment,http://www.nasdaq.com/symbol/ftnt
FSNN,"Fusion Telecommunications International, Inc.",2.83,63690182.95,n/a,n/a,Technology,Computer Software: Prepackaged Software,http://www.nasdaq.com/symbol/fsnn
GDI,"Gardner Denver Holdings, Inc.",26.6,5212382997,n/a,2017,Technology,Industrial Machinery/Components,http://www.nasdaq.com/symbol/gdi
GDS,GDS Holdings Limited,15.02,400799883.3,26684413,2016,Technology,"Computer Software: Programming, Data Processing",http://www.nasdaq.com/symbol/gds
JOB,GEE Group Inc.,2.98,29439098.16,n/a,n/a,Technology,Diversified Commercial Services,http://www.nasdaq.com/symbol/job
GFN,General Finance Corporation,5.35,142418005.8,n/a,n/a,Technology,Diversified Commercial Services,http://www.nasdaq.com/symbol/gfn
GFNCP,General Finance Corporation,100.75,0,n/a,n/a,Technology,Diversified Commercial Services,http://www.nasdaq.com/symbol/gfncp
GIGM,GigaMedia Limited,3.29,36361853.15,n/a,n/a,Technology,"Computer Software: Programming, Data Processing",http://www.nasdaq.com/symbol/gigm
GIMO,Gigamon Inc.,36.25,1356457093,n/a,2013,Technology,EDP Services,http://www.nasdaq.com/symbol/gimo
GILT,Gilat Satellite Networks Ltd.,7.15,390752984.1,n/a,n/a,Technology,Radio And Television Broadcasting And Communications Equipment,http://www.nasdaq.com/symbol/gilt
GSB,"GlobalSCAPE, Inc.",4.03,86934478.93,n/a,n/a,Technology,Computer Software: Prepackaged Software,http://www.nasdaq.com/symbol/gsb
GLOB,Globant S.A.,39.92,1393208000,n/a,2014,Technology,EDP Services,http://www.nasdaq.com/symbol/glob
GLUU,Glu Mobile Inc.,4.18,566034700,n/a,2007,Technology,EDP Services,http://www.nasdaq.com/symbol/gluu
GDDY,GoDaddy Inc.,45.4,7496877302,n/a,2015,Technology,EDP Services,http://www.nasdaq.com/symbol/gddy
GHM,Graham Corporation,21.85,213445789.1,n/a,n/a,Technology,Industrial Machinery/Components,http://www.nasdaq.com/symbol/ghm
GEC,"Great Elm Capital Group, Inc. ",3.7,85840566.1,n/a,n/a,Technology,Computer Software: Prepackaged Software,http://www.nasdaq.com/symbol/gec
GSUM,Gridsum Holding Inc.,8.36,109294042,13073450,2016,Technology,Computer Software: Prepackaged Software,http://www.nasdaq.com/symbol/gsum
GRPN,"Groupon, Inc.",4.67,2596565589,n/a,2011,Technology,Advertising,http://www.nasdaq.com/symbol/grpn
GVP,"GSE Systems, Inc.",3.35,64462931.1,n/a,n/a,Technology,Computer Software: Prepackaged Software,http://www.nasdaq.com/symbol/gvp
GSIT,"GSI Technology, Inc.",6.98,146655230.4,n/a,2007,Technology,Semiconductors,http://www.nasdaq.com/symbol/gsit
GWRE,"Guidewire Software, Inc.",78.19,5865012118,n/a,2012,Technology,Computer Software: Prepackaged Software,http://www.nasdaq.com/symbol/gwre
HQCL,"Hanwha Q CELLS Co., Ltd. ",7.94,43682108.5,5501525,n/a,Technology,Semiconductors,http://www.nasdaq.com/symbol/hqcl
HLIT,Harmonic Inc.,3,243816876,n/a,1995,Technology,Radio And Television Broadcasting And Communications Equipment,http://www.nasdaq.com/symbol/hlit
HHS,"Harte-Hanks, Inc.",1.04,64497412.72,n/a,1993,Technology,Advertising,http://www.nasdaq.com/symbol/hhs
HSTM,"HealthStream, Inc.",23.86,760818379.9,n/a,2000,Technology,"Computer Software: Programming, Data Processing",http://www.nasdaq.com/symbol/hstm
HSII,"Heidrick & Struggles International, Inc.",21.3,400118050.5,n/a,1999,Technology,Diversified Commercial Services,http://www.nasdaq.com/symbol/hsii
HPE,Hewlett Packard Enterprise Company,14.31,23174532215,n/a,2015,Technology,Computer Manufacturing,http://www.nasdaq.com/symbol/hpe
HIMX,"Himax Technologies, Inc.",10.16,1097553334,108026903,2006,Technology,Semiconductors,http://www.nasdaq.com/symbol/himx
HDP,"Hortonworks, Inc.",16.18,1085743205,n/a,2014,Technology,Computer Software: Prepackaged Software,http://www.nasdaq.com/symbol/hdp
HPQ,HP Inc.,21.95,36662083443,n/a,n/a,Technology,Computer Manufacturing,http://www.nasdaq.com/symbol/hpq
HUBS,"HubSpot, Inc.",84.85,3141622075,n/a,2014,Technology,Computer Software: Prepackaged Software,http://www.nasdaq.com/symbol/hubs
HSON,"Hudson Global, Inc.",1.51,47400139.71,n/a,n/a,Technology,Professional Services,http://www.nasdaq.com/symbol/hson
ICHR,Ichor Holdings,33.36,837864822.7,n/a,2016,Technology,Semiconductors,http://www.nasdaq.com/symbol/ichr
INVE,"Identiv, Inc.",3.2,45018470.4,n/a,n/a,Technology,Computer peripheral equipment,http://www.nasdaq.com/symbol/inve
IEC,IEC Electronics Corp.,4.33,44687414.27,n/a,n/a,Technology,Electrical Products,http://www.nasdaq.com/symbol/iec
INFO,IHS Markit Ltd.,43.54,18465870224,n/a,1996,Technology,"Computer Software: Programming, Data Processing",http://www.nasdaq.com/symbol/info
ITW,Illinois Tool Works Inc.,158.42,54520151116,n/a,n/a,Technology,Industrial Machinery/Components,http://www.nasdaq.com/symbol/itw
IMMR,Immersion Corporation,8.01,234390069.8,n/a,1999,Technology,Computer peripheral equipment,http://www.nasdaq.com/symbol/immr
IMPV,"Imperva, Inc.",43.5,1470945410,n/a,n/a,Technology,Computer Software: Prepackaged Software,http://www.nasdaq.com/symbol/impv
INFY,Infosys Limited,14.52,33352342237,n/a,n/a,Technology,EDP Services,http://www.nasdaq.com/symbol/infy
INOD,Innodata Inc.,1.25,32346817.5,n/a,1993,Technology,EDP Services,http://www.nasdaq.com/symbol/inod
ISSC,"Innovative Solutions and Support, Inc.",3.24,54377337.96,n/a,2000,Technology,EDP Services,http://www.nasdaq.com/symbol/issc
INOV,"Inovalon Holdings, Inc.",16.8,2449637030,n/a,2015,Technology,EDP Services,http://www.nasdaq.com/symbol/inov
IPHI,Inphi Corporation,38.94,1646519957,n/a,2010,Technology,Semiconductors,http://www.nasdaq.com/symbol/iphi
INPX,Inpixon ,0.45,4611595.05,n/a,2014,Technology,EDP Services,http://www.nasdaq.com/symbol/inpx
NSP,"Insperity, Inc.",95.75,1996046630,n/a,n/a,Technology,Professional Services,http://www.nasdaq.com/symbol/nsp
INSE,"Inspired Entertainment, Inc.",11.5,257490140.5,n/a,2014,Technology,Computer Software: Prepackaged Software,http://www.nasdaq.com/symbol/inse
INST,"Instructure, Inc.",34.85,1024617148,n/a,2015,Technology,Computer Software: Prepackaged Software,http://www.nasdaq.com/symbol/inst
IDTI,"Integrated Device Technology, Inc.",28.54,3808524438,n/a,1984,Technology,Semiconductors,http://www.nasdaq.com/symbol/idti
INTC,Intel Corporation,40.95,1.92E+11,n/a,n/a,Technology,Semiconductors,http://www.nasdaq.com/symbol/intc
IDN,"Intellicheck, Inc.",2.4,35955919.2,n/a,1999,Technology,Computer Software: Prepackaged Software,http://www.nasdaq.com/symbol/idn
INS,Intelligent Systems Corporation,3.85,33795253.8,n/a,1992,Technology,Computer Software: Prepackaged Software,http://www.nasdaq.com/symbol/ins
LINK,"Interlink Electronics, Inc.",7.4348,54545320.98,n/a,n/a,Technology,Computer peripheral equipment,http://www.nasdaq.com/symbol/link
IMI,"Intermolecular, Inc.",1.13,56002462.13,n/a,2011,Technology,Semiconductors,http://www.nasdaq.com/symbol/imi
INAP,Internap Corporation,4.67,389029549.2,n/a,1999,Technology,"Computer Software: Programming, Data Processing",http://www.nasdaq.com/symbol/inap
IBM,International Business Machines Corporation,155.88,1.44E+11,n/a,n/a,Technology,Computer Manufacturing,http://www.nasdaq.com/symbol/ibm
IIJI,"Internet Initiative Japan, Inc.",10.05,17995992.3,1790646,n/a,Technology,"Computer Software: Programming, Data Processing",http://www.nasdaq.com/symbol/iiji
IPG,"Interpublic Group of Companies, Inc. (The)",19.81,7790652472,n/a,n/a,Technology,Advertising,http://www.nasdaq.com/symbol/ipg
INTX,"Intersections, Inc.",2.86,68460303.34,n/a,2004,Technology,EDP Services,http://www.nasdaq.com/symbol/intx
INXN,InterXion Holding N.V.,53.06,3770443600,n/a,2011,Technology,"Computer Software: Programming, Data Processing",http://www.nasdaq.com/symbol/inxn
IVAC,"Intevac, Inc.",8.05,175348134.9,n/a,1995,Technology,Industrial Machinery/Components,http://www.nasdaq.com/symbol/ivac
INTU,Intuit Inc.,148.62,37894162164,n/a,1993,Technology,Computer Software: Prepackaged Software,http://www.nasdaq.com/symbol/intu
IPAS,iPass Inc.,0.6899,46003286.75,n/a,2003,Technology,EDP Services,http://www.nasdaq.com/symbol/ipas
IPGP,IPG Photonics Corporation,209.46,11274299284,n/a,2006,Technology,Semiconductors,http://www.nasdaq.com/symbol/ipgp
IXYS,IXYS Corporation,24.85,810368688.5,n/a,n/a,Technology,Semiconductors,http://www.nasdaq.com/symbol/ixys
JCOM,"j2 Global, Inc.",74.19,3586062752,n/a,1999,Technology,Telecommunications Equipment,http://www.nasdaq.com/symbol/jcom
JASO,"JA Solar Holdings, Co., Ltd.",7.45,300132204.9,40286202,2007,Technology,Semiconductors,http://www.nasdaq.com/symbol/jaso
JBL,Jabil Inc.,28.31,5000766189,n/a,1993,Technology,Electrical Products,http://www.nasdaq.com/symbol/jbl
JKHY,"Jack Henry & Associates, Inc.",106.04,8189080245,n/a,1985,Technology,EDP Services,http://www.nasdaq.com/symbol/jkhy
JKS,JinkoSolar Holding Company Limited,25.46,828634348.3,n/a,2010,Technology,Semiconductors,http://www.nasdaq.com/symbol/jks
JMU,JMU Limited,1.08,15912124.92,14733449,2015,Technology,EDP Services,http://www.nasdaq.com/symbol/jmu
JBT,John Bean Technologies Corporation,112.95,3571826773,n/a,n/a,Technology,Industrial Machinery/Components,http://www.nasdaq.com/symbol/jbt
JNPR,"Juniper Networks, Inc.",26.16,9948870831,n/a,1999,Technology,Computer Communications Equipment,http://www.nasdaq.com/symbol/jnpr
KAI,Kadant Inc,102.95,1132894847,n/a,n/a,Technology,Industrial Machinery/Components,http://www.nasdaq.com/symbol/kai
KELYA,"Kelly Services, Inc.",25.83,989515968.2,n/a,n/a,Technology,Professional Services,http://www.nasdaq.com/symbol/kelya
KELYB,"Kelly Services, Inc.",23,881102101,n/a,n/a,Technology,Professional Services,http://www.nasdaq.com/symbol/kelyb
KTEC,"Key Technology, Inc.",17.71,114883494.9,n/a,1993,Technology,Industrial Machinery/Components,http://www.nasdaq.com/symbol/ktec
KTCC,Key Tronic Corporation,7.15,76931712,n/a,1983,Technology,Computer peripheral equipment,http://www.nasdaq.com/symbol/ktcc
KFRC,"Kforce, Inc.",20.5,547914570,n/a,1995,Technology,Professional Services,http://www.nasdaq.com/symbol/kfrc
KE,"Kimball Electronics, Inc.",21.65,582191102.6,n/a,n/a,Technology,Electrical Products,http://www.nasdaq.com/symbol/ke
KONE,Kingtone Wirelessinfo Solution Holding Ltd,3.23,2307431.25,714375,2010,Technology,EDP Services,http://www.nasdaq.com/symbol/kone
KOPN,Kopin Corporation,3.49,262296404.9,n/a,1992,Technology,Semiconductors,http://www.nasdaq.com/symbol/kopn
KFY,Korn/Ferry International,40.84,2307153251,n/a,1999,Technology,Diversified Commercial Services,http://www.nasdaq.com/symbol/kfy
KLIC,"Kulicke and Soffa Industries, Inc.",21.98,1562730743,n/a,n/a,Technology,Semiconductors,http://www.nasdaq.com/symbol/klic
KVHI,"KVH Industries, Inc.",11.75,200786420.5,n/a,1996,Technology,Radio And Television Broadcasting And Communications Equipment,http://www.nasdaq.com/symbol/kvhi
KYO,Kyocera Corporation,65.89,24228475484,n/a,n/a,Technology,Semiconductors,http://www.nasdaq.com/symbol/kyo
LLL,"L3 Technologies, Inc.",188.21,14721421449,n/a,n/a,Technology,Radio And Television Broadcasting And Communications Equipment,http://www.nasdaq.com/symbol/lll
LRCX,Lam Research Corporation,205.84,33375720960,n/a,1984,Technology,Industrial Machinery/Components,http://www.nasdaq.com/symbol/lrcx
LTRX,"Lantronix, Inc.",2.12,37985931.04,n/a,2000,Technology,Computer Communications Equipment,http://www.nasdaq.com/symbol/ltrx
LSCC,Lattice Semiconductor Corporation,5.8,713235552.6,n/a,n/a,Technology,Semiconductors,http://www.nasdaq.com/symbol/lscc
LFGR,Leaf Group Ltd.,7,144859050,n/a,n/a,Technology,EDP Services,http://www.nasdaq.com/symbol/lfgr
LDOS,"Leidos Holdings, Inc.",61.24,9260044978,n/a,n/a,Technology,EDP Services,http://www.nasdaq.com/symbol/ldos
LTRPA,"Liberty TripAdvisor Holdings, Inc.",11.5,863142666,n/a,n/a,Technology,EDP Services,http://www.nasdaq.com/symbol/ltrpa
LTRPB,"Liberty TripAdvisor Holdings, Inc.",13.9,1043276788,n/a,n/a,Technology,EDP Services,http://www.nasdaq.com/symbol/ltrpb
LPTH,"LightPath Technologies, Inc.",2.97,72014988.87,n/a,1996,Technology,Semiconductors,http://www.nasdaq.com/symbol/lpth
LECO,"Lincoln Electric Holdings, Inc.",98.39,6484605079,n/a,n/a,Technology,Industrial Machinery/Components,http://www.nasdaq.com/symbol/leco
LN,LINE Corporation,36.79,8110072585,n/a,2016,Technology,"Computer Software: Programming, Data Processing",http://www.nasdaq.com/symbol/ln
LIQT,"LiqTech International, Inc.",0.2851,12609763.17,n/a,n/a,Technology,Industrial Machinery/Components,http://www.nasdaq.com/symbol/liqt
LPSN,"LivePerson, Inc.",14.4,848166249.6,n/a,2000,Technology,Computer Software: Prepackaged Software,http://www.nasdaq.com/symbol/lpsn
LOGI,Logitech International S.A.,34.57,5666366799,n/a,1997,Technology,Computer peripheral equipment,http://www.nasdaq.com/symbol/logi
LOGM,"LogMein, Inc.",121.95,6424521608,n/a,2009,Technology,Computer Software: Prepackaged Software,http://www.nasdaq.com/symbol/logm
LORL,"Loral Space and Communications, Inc.",49.05,1517251437,n/a,n/a,Technology,Radio And Television Broadcasting And Communications Equipment,http://www.nasdaq.com/symbol/lorl
LXFT,"Luxoft Holding, Inc.",47.55,1601976570,n/a,2013,Technology,EDP Services,http://www.nasdaq.com/symbol/lxft
MTSI,"MACOM Technology Solutions Holdings, Inc.",40.03,2571283057,n/a,2012,Technology,Semiconductors,http://www.nasdaq.com/symbol/mtsi
MGIC,Magic Software Enterprises Ltd.,8.85,393703188.6,n/a,1991,Technology,Computer Software: Prepackaged Software,http://www.nasdaq.com/symbol/mgic
MX,MagnaChip Semiconductor Corporation,10.25,348879024.5,n/a,2011,Technology,Semiconductors,http://www.nasdaq.com/symbol/mx
MNGA,MagneGas Corporation,0.448,5546572.416,n/a,n/a,Technology,Industrial Machinery/Components,http://www.nasdaq.com/symbol/mnga
MJCO,Majesco,5.53,201997440,n/a,2015,Technology,Computer Software: Prepackaged Software,http://www.nasdaq.com/symbol/mjco
MAMS,"MAM Software Group, Inc.",7.8699,96975536.35,n/a,n/a,Technology,Computer Software: Prepackaged Software,http://www.nasdaq.com/symbol/mams
MANH,"Manhattan Associates, Inc.",48.86,3367757634,n/a,1998,Technology,Computer Software: Prepackaged Software,http://www.nasdaq.com/symbol/manh
MNTX,"Manitex International, Inc.",9.33,154473815.1,n/a,n/a,Technology,Industrial Machinery/Components,http://www.nasdaq.com/symbol/mntx
MAN,ManpowerGroup,123.98,8273732152,n/a,n/a,Technology,Professional Services,http://www.nasdaq.com/symbol/man
MRIN,Marin Software Incorporated,13.15,10613351.85,n/a,2013,Technology,EDP Services,http://www.nasdaq.com/symbol/mrin
MRVL,Marvell Technology Group Ltd.,18.58,9211964000,n/a,2000,Technology,Semiconductors,http://www.nasdaq.com/symbol/mrvl
MTCH,"Match Group, Inc.",25.48,6681190858,n/a,2015,Technology,"Computer Software: Programming, Data Processing",http://www.nasdaq.com/symbol/mtch
MTLS,Materialise NV,14.57,194922850.9,13378370,2014,Technology,Computer Software: Prepackaged Software,http://www.nasdaq.com/symbol/mtls
MATR,Mattersight Corporation,2.65,86784402.15,n/a,n/a,Technology,EDP Services,http://www.nasdaq.com/symbol/matr
MAXR,Maxar Technologies Ltd.,63.52,3563301258,n/a,n/a,Technology,Radio And Television Broadcasting And Communications Equipment,http://www.nasdaq.com/symbol/maxr
MXIM,"Maxim Integrated Products, Inc.",52.34,14747166300,n/a,1988,Technology,Semiconductors,http://www.nasdaq.com/symbol/mxim
MXL,"MaxLinear, Inc",23.02,1531815670,n/a,2010,Technology,Semiconductors,http://www.nasdaq.com/symbol/mxl
MGRC,McGrath RentCorp,44.94,1078281417,n/a,1984,Technology,Diversified Commercial Services,http://www.nasdaq.com/symbol/mgrc
MDCA,MDC Partners Inc.,11.5,574253592.5,n/a,n/a,Technology,Advertising,http://www.nasdaq.com/symbol/mdca
MTBC,"Medical Transcription Billing, Corp.",2.94,33890135.58,n/a,2014,Technology,Computer Software: Prepackaged Software,http://www.nasdaq.com/symbol/mtbc
MTBCP,"Medical Transcription Billing, Corp.",25.35,17093479.65,n/a,n/a,Technology,Computer Software: Prepackaged Software,http://www.nasdaq.com/symbol/mtbcp
MDSO,"Medidata Solutions, Inc.",81.87,4789749170,n/a,2009,Technology,Computer Software: Prepackaged Software,http://www.nasdaq.com/symbol/mdso
MLNX,"Mellanox Technologies, Ltd.",45.3,2278018903,n/a,2007,Technology,Semiconductors,http://www.nasdaq.com/symbol/mlnx
MFGP,Micro Focus Intl PLC,32.91,14318423990,n/a,2017,Technology,Computer Software: Prepackaged Software,http://www.nasdaq.com/symbol/mfgp
MCHP,Microchip Technology Incorporated,93.31,21715891576,n/a,1993,Technology,Semiconductors,http://www.nasdaq.com/symbol/mchp
MU,"Micron Technology, Inc.",41.6,47745333834,n/a,n/a,Technology,Semiconductors,http://www.nasdaq.com/symbol/mu
MSCC,Microsemi Corporation,52.5,6073422285,n/a,n/a,Technology,Semiconductors,http://www.nasdaq.com/symbol/mscc
MSFT,Microsoft Corporation,78.86,6.08E+11,n/a,1986,Technology,Computer Software: Prepackaged Software,http://www.nasdaq.com/symbol/msft
MSTR,MicroStrategy Incorporated,137.04,1568696058,n/a,1998,Technology,Computer Software: Prepackaged Software,http://www.nasdaq.com/symbol/mstr
MCRN,Milacron Holdings Corp.,18.63,1289979298,n/a,2015,Technology,Industrial Machinery/Components,http://www.nasdaq.com/symbol/mcrn
MIME,Mimecast Limited,30.87,1753347067,n/a,2015,Technology,Computer Software: Prepackaged Software,http://www.nasdaq.com/symbol/mime
MNDO,MIND C.T.I. Ltd.,2.74,52858485.32,n/a,n/a,Technology,EDP Services,http://www.nasdaq.com/symbol/mndo
MB,"MINDBODY, Inc.",28.95,1342015435,n/a,2015,Technology,EDP Services,http://www.nasdaq.com/symbol/mb
MIND,"Mitcham Industries, Inc.",3.1231,37756214.63,n/a,1994,Technology,Diversified Commercial Services,http://www.nasdaq.com/symbol/mind
MINDP,"Mitcham Industries, Inc.",22.8716,0,n/a,n/a,Technology,Diversified Commercial Services,http://www.nasdaq.com/symbol/mindp
MITK,"Mitek Systems, Inc.",9.575,327180478.9,n/a,n/a,Technology,Computer peripheral equipment,http://www.nasdaq.com/symbol/mitk
MITL,Mitel Networks Corporation,8.72,1045820373,n/a,n/a,Technology,Radio And Television Broadcasting And Communications Equipment,http://www.nasdaq.com/symbol/mitl
MIXT,MiX Telematics Limited,10.01,223622959.6,n/a,2013,Technology,Computer Software: Prepackaged Software,http://www.nasdaq.com/symbol/mixt
MOBL,"MobileIron, Inc.",3.6,338888354.4,n/a,2014,Technology,Computer Software: Prepackaged Software,http://www.nasdaq.com/symbol/mobl
MODN,"Model N, Inc.",14.25,414575278.5,n/a,2013,Technology,"Computer Software: Programming, Data Processing",http://www.nasdaq.com/symbol/modn
MOMO,Momo Inc.,31.24,4333850599,138727612,2014,Technology,Computer Software: Prepackaged Software,http://www.nasdaq.com/symbol/momo
MDB,"MongoDB, Inc.",30.57,1496961084,n/a,2017,Technology,Computer Software: Prepackaged Software,http://www.nasdaq.com/symbol/mdb
MPWR,"Monolithic Power Systems, Inc.",114.74,4748415076,n/a,2004,Technology,Semiconductors,http://www.nasdaq.com/symbol/mpwr
TYPE,Monotype Imaging Holdings Inc.,22.3,930293069.4,n/a,2007,Technology,EDP Services,http://www.nasdaq.com/symbol/type
MSDI,"Monster Digital, Inc.",0.6299,5934086.962,n/a,2016,Technology,Electronic Components,http://www.nasdaq.com/symbol/msdi
MOSY,"MoSys, Inc.",0.7249,5800483.073,n/a,2001,Technology,Semiconductors,http://www.nasdaq.com/symbol/mosy
MSI,"Motorola Solutions, Inc.",90.23,14676229997,n/a,n/a,Technology,Radio And Television Broadcasting And Communications Equipment,http://www.nasdaq.com/symbol/msi
MOXC,"Moxian, Inc.",2.47,165507781.5,n/a,n/a,Technology,"Computer Software: Programming, Data Processing",http://www.nasdaq.com/symbol/moxc
MULE,"MuleSoft, Inc.",23.75,3062376371,n/a,2017,Technology,Computer Software: Prepackaged Software,http://www.nasdaq.com/symbol/mule
MYSZ,"My Size, Inc.",0.7625,13485359.21,n/a,n/a,Technology,Computer Software: Prepackaged Software,http://www.nasdaq.com/symbol/mysz
NNDM,Nano Dimension Ltd.,4.8714,11700912.82,2401961,n/a,Technology,Electrical Products,http://www.nasdaq.com/symbol/nndm
NH,"NantHealth, Inc.",3.9,475658453.4,n/a,2016,Technology,EDP Services,http://www.nasdaq.com/symbol/nh
NATI,National Instruments Corporation,44,5741702208,n/a,1995,Technology,Computer Software: Prepackaged Software,http://www.nasdaq.com/symbol/nati
NPTN,NeoPhotonics Corporation,6.25,272742556.3,n/a,2011,Technology,Semiconductors,http://www.nasdaq.com/symbol/nptn
NETE,"Net Element, Inc.",5.58,1071237.24,n/a,n/a,Technology,EDP Services,http://www.nasdaq.com/symbol/nete
NTAP,"NetApp, Inc.",44.82,12090534825,n/a,1995,Technology,Electronic Components,http://www.nasdaq.com/symbol/ntap
NLST,"Netlist, Inc.",0.6199,38383988.56,n/a,2006,Technology,Semiconductors,http://www.nasdaq.com/symbol/nlst
NTCT,"NetScout Systems, Inc.",31.2,2793597799,n/a,1999,Technology,EDP Services,http://www.nasdaq.com/symbol/ntct
NTWK,NetSol Technologies Inc.,3.45,38345366.55,n/a,n/a,Technology,Computer Software: Prepackaged Software,http://www.nasdaq.com/symbol/ntwk
NEWR,"New Relic, Inc.",51.19,2790676600,n/a,2014,Technology,Computer Software: Prepackaged Software,http://www.nasdaq.com/symbol/newr
NICE,NICE Ltd,81.3,3275832932,40293148,n/a,Technology,Computer Manufacturing,http://www.nasdaq.com/symbol/nice
NOK,Nokia Corporation,5.99,34959245392,n/a,1994,Technology,Radio And Television Broadcasting And Communications Equipment,http://www.nasdaq.com/symbol/nok
NQ,NQ Mobile Inc.,3.72,363510777.7,n/a,2011,Technology,Computer Software: Prepackaged Software,http://www.nasdaq.com/symbol/nq
DCM,"NTT DOCOMO, Inc",23.79,88132089830,n/a,n/a,Technology,Radio And Television Broadcasting And Communications Equipment,http://www.nasdaq.com/symbol/dcm
NUAN,"Nuance Communications, Inc.",15.05,4343419721,n/a,n/a,Technology,Computer Software: Prepackaged Software,http://www.nasdaq.com/symbol/nuan
NTNX,"Nutanix, Inc.",27.95,4330674906,n/a,2016,Technology,Computer Software: Prepackaged Software,http://www.nasdaq.com/symbol/ntnx
NVEC,NVE Corporation,84.78,410420827.8,n/a,n/a,Technology,Semiconductors,http://www.nasdaq.com/symbol/nvec
NVDA,NVIDIA Corporation,198.68,1.19E+11,n/a,1999,Technology,Semiconductors,http://www.nasdaq.com/symbol/nvda
NXPI,NXP Semiconductors N.V.,116.79,39488941952,n/a,2010,Technology,Semiconductors,http://www.nasdaq.com/symbol/nxpi
OIIM,O2Micro International Limited,1.87,62408430.04,33373492,n/a,Technology,Semiconductors,http://www.nasdaq.com/symbol/oiim
OCLR,"Oclaro, Inc.",8.52,1437975712,n/a,n/a,Technology,Semiconductors,http://www.nasdaq.com/symbol/oclr
OKTA,"Okta, Inc.",27.65,2642861987,n/a,2017,Technology,Computer Software: Prepackaged Software,http://www.nasdaq.com/symbol/okta
OMCL,"Omnicell, Inc.",54.5,2041228013,n/a,2001,Technology,Computer Manufacturing,http://www.nasdaq.com/symbol/omcl
OMC,Omnicom Group Inc.,70.92,16349376318,n/a,n/a,Technology,Advertising,http://www.nasdaq.com/symbol/omc
ASGN,"On Assignment, Inc.",56.43,2979782482,n/a,1992,Technology,Professional Services,http://www.nasdaq.com/symbol/asgn
ON,ON Semiconductor Corporation,20.37,8587257295,n/a,n/a,Technology,Semiconductors,http://www.nasdaq.com/symbol/on
OTIV,On Track Innovations Ltd,1.2499,51413859.06,n/a,n/a,Technology,Semiconductors,http://www.nasdaq.com/symbol/otiv
OOMA,"Ooma, Inc.",10.55,194885887.8,n/a,2015,Technology,EDP Services,http://www.nasdaq.com/symbol/ooma
OTEX,Open Text Corporation,34.09,9043524810,n/a,1996,Technology,EDP Services,http://www.nasdaq.com/symbol/otex
ORCL,Oracle Corporation,49.98,2.09E+11,n/a,1986,Technology,Computer Software: Prepackaged Software,http://www.nasdaq.com/symbol/orcl
OSIS,"OSI Systems, Inc.",92.01,1727657692,n/a,1997,Technology,Semiconductors,http://www.nasdaq.com/symbol/osis
PFIN,"P & F Industries, Inc.",7.69,27834662.48,n/a,n/a,Technology,Industrial Machinery/Components,http://www.nasdaq.com/symbol/pfin
PANW,"Palo Alto Networks, Inc.",149.24,13706554403,n/a,2012,Technology,Computer peripheral equipment,http://www.nasdaq.com/symbol/panw
TEUM,Pareteum Corporation,1.13,16483386.84,n/a,n/a,Technology,EDP Services,http://www.nasdaq.com/symbol/teum
PCYG,"Park City Group, Inc.",10.95,212690840,n/a,n/a,Technology,EDP Services,http://www.nasdaq.com/symbol/pcyg
PKE,Park Electrochemical Corporation,18.9,382487729.4,n/a,n/a,Technology,Electrical Products,http://www.nasdaq.com/symbol/pke
PRKR,"ParkerVision, Inc.",1.59,28268985.24,n/a,1993,Technology,Radio And Television Broadcasting And Communications Equipment,http://www.nasdaq.com/symbol/prkr
PAYC,"Paycom Software, Inc.",80.07,4770211086,n/a,2014,Technology,Computer Software: Prepackaged Software,http://www.nasdaq.com/symbol/payc
PCTY,Paylocity Holding Corporation,50.87,2632526875,n/a,2014,Technology,Computer Software: Prepackaged Software,http://www.nasdaq.com/symbol/pcty
PCTI,"PC-Tel, Inc.",6.36,113139401,n/a,1999,Technology,Radio And Television Broadcasting And Communications Equipment,http://www.nasdaq.com/symbol/pcti
PDFS,"PDF Solutions, Inc.",15.49,500840679.4,n/a,2001,Technology,EDP Services,http://www.nasdaq.com/symbol/pdfs
PEGA,Pegasystems Inc.,58.75,4560446131,n/a,1996,Technology,EDP Services,http://www.nasdaq.com/symbol/pega
PNR,Pentair plc.,70.58,12808799889,n/a,n/a,Technology,Industrial Machinery/Components,http://www.nasdaq.com/symbol/pnr
PRFT,"Perficient, Inc.",19.28,677064358.9,n/a,1999,Technology,EDP Services,http://www.nasdaq.com/symbol/prft
PERI,Perion Network Ltd,1.22,94611084.18,n/a,n/a,Technology,EDP Services,http://www.nasdaq.com/symbol/peri
PLAB,"Photronics, Inc.",9.4,648024494.4,n/a,1987,Technology,Semiconductors,http://www.nasdaq.com/symbol/plab
PXLW,"Pixelworks, Inc.",5.37,181525713.3,n/a,2000,Technology,Semiconductors,http://www.nasdaq.com/symbol/pxlw
PLXS,Plexus Corp.,58.43,1963298075,n/a,n/a,Technology,Electrical Products,http://www.nasdaq.com/symbol/plxs
PNTR,Pointer Telocation Ltd.,17.1,137377877.4,n/a,n/a,Technology,Radio And Television Broadcasting And Communications Equipment,http://www.nasdaq.com/symbol/pntr
COOL,"PolarityTE, Inc.",24.9,157716226.5,n/a,n/a,Technology,Computer Software: Prepackaged Software,http://www.nasdaq.com/symbol/cool
POWI,"Power Integrations, Inc.",74.75,2224484577,n/a,1997,Technology,Semiconductors,http://www.nasdaq.com/symbol/powi
PSDO,"Presidio, Inc.",15.05,1373752908,n/a,2017,Technology,Retail: Computer Software & Peripheral Equipment,http://www.nasdaq.com/symbol/psdo
IPDN,"Professional Diversity Network, Inc.",3.15,12399656.85,n/a,2013,Technology,"Computer Software: Programming, Data Processing",http://www.nasdaq.com/symbol/ipdn
PRGS,Progress Software Corporation,42.37,2025621486,n/a,1991,Technology,Computer Software: Prepackaged Software,http://www.nasdaq.com/symbol/prgs
PFPT,"Proofpoint, Inc.",91.42,4089765120,n/a,2012,Technology,EDP Services,http://www.nasdaq.com/symbol/pfpt
PRO,"PROS Holdings, Inc.",25.28,803624201,n/a,2007,Technology,EDP Services,http://www.nasdaq.com/symbol/pro
PTC,PTC Inc.,61.09,7062464374,n/a,n/a,Technology,Computer Software: Prepackaged Software,http://www.nasdaq.com/symbol/ptc
PSTG,"Pure Storage, Inc. ",16.21,3428141116,n/a,2015,Technology,Electronic Components,http://www.nasdaq.com/symbol/pstg
QTWO,"Q2 Holdings, Inc.",41.7,1721666232,n/a,2014,Technology,Computer Software: Prepackaged Software,http://www.nasdaq.com/symbol/qtwo
QADA,QAD Inc.,37.45,719662531.4,n/a,n/a,Technology,Computer Software: Prepackaged Software,http://www.nasdaq.com/symbol/qada
QADB,QAD Inc.,30.29,582071510.7,n/a,n/a,Technology,Computer Software: Prepackaged Software,http://www.nasdaq.com/symbol/qadb
QRVO,"Qorvo, Inc.",71.44,9092008131,n/a,n/a,Technology,Semiconductors,http://www.nasdaq.com/symbol/qrvo
QCOM,QUALCOMM Incorporated,54.25,80076623683,n/a,1991,Technology,Radio And Television Broadcasting And Communications Equipment,http://www.nasdaq.com/symbol/qcom
QSII,"Quality Systems, Inc.",15.62,989807175.9,n/a,1982,Technology,EDP Services,http://www.nasdaq.com/symbol/qsii
QBAK,Qualstar Corporation,6.76,13804048.44,n/a,2000,Technology,Electronic Components,http://www.nasdaq.com/symbol/qbak
QLYS,"Qualys, Inc.",52,1951138124,n/a,2012,Technology,Computer Software: Prepackaged Software,http://www.nasdaq.com/symbol/qlys
QTNA,"Quantenna Communications, Inc.",15.51,537113269.8,n/a,2016,Technology,Semiconductors,http://www.nasdaq.com/symbol/qtna
QTM,Quantum Corporation,5.6,193044096,n/a,n/a,Technology,Electronic Components,http://www.nasdaq.com/symbol/qtm
QRHC,Quest Resource Holding Corporation.,1.2201,18644743.41,n/a,n/a,Technology,Diversified Commercial Services,http://www.nasdaq.com/symbol/qrhc
QUIK,QuickLogic Corporation,1.59,127377116.5,n/a,1999,Technology,Semiconductors,http://www.nasdaq.com/symbol/quik
QUMU,Qumu Corporation,3.19,29984261.45,n/a,n/a,Technology,Computer Software: Prepackaged Software,http://www.nasdaq.com/symbol/qumu
RDCM,Radcom Ltd.,20.5,240206474.5,n/a,1997,Technology,Computer peripheral equipment,http://www.nasdaq.com/symbol/rdcm
RSYS,RadiSys Corporation,1.28,49977875.2,n/a,1995,Technology,Computer peripheral equipment,http://www.nasdaq.com/symbol/rsys
RMBS,"Rambus, Inc.",14.41,1574684783,n/a,1997,Technology,Semiconductors,http://www.nasdaq.com/symbol/rmbs
RPD,"Rapid7, Inc.",18.5,805680568.5,n/a,2015,Technology,Computer Software: Prepackaged Software,http://www.nasdaq.com/symbol/rpd
RCMT,"RCM Technologies, Inc.",5.95,71457709.05,n/a,n/a,Technology,Professional Services,http://www.nasdaq.com/symbol/rcmt
RNWK,"RealNetworks, Inc.",4.74,176337323.6,n/a,1997,Technology,EDP Services,http://www.nasdaq.com/symbol/rnwk
RP,"RealPage, Inc.",43.35,3583074482,n/a,2010,Technology,Computer Software: Prepackaged Software,http://www.nasdaq.com/symbol/rp
RHT,"Red Hat, Inc.",121.28,21460154354,n/a,n/a,Technology,"Computer Software: Programming, Data Processing",http://www.nasdaq.com/symbol/rht
RWC,RELM Wireless Corporation,3.7161,51447858.6,n/a,n/a,Technology,Radio And Television Broadcasting And Communications Equipment,http://www.nasdaq.com/symbol/rwc
SOL,Renesola Ltd.,2.9,58929650.1,n/a,2008,Technology,Semiconductors,http://www.nasdaq.com/symbol/sol
RENN,Renren Inc.,9.49,648508554.6,n/a,2011,Technology,EDP Services,http://www.nasdaq.com/symbol/renn
RCII,Rent-A-Center Inc.,10.55,562335298.2,n/a,1995,Technology,Diversified Commercial Services,http://www.nasdaq.com/symbol/rcii
RESN,Resonant Inc.,4.28,71469584.28,n/a,2014,Technology,Semiconductors,http://www.nasdaq.com/symbol/resn
RXN,Rexnord Corporation,25.94,2691175987,n/a,2012,Technology,Industrial Machinery/Components,http://www.nasdaq.com/symbol/rxn
RNG,"Ringcentral, Inc.",41.5,3180297928,n/a,2013,Technology,EDP Services,http://www.nasdaq.com/symbol/rng
RHI,Robert Half International Inc.,50.86,6417732939,n/a,n/a,Technology,Professional Services,http://www.nasdaq.com/symbol/rhi
RST,Rosetta Stone,9.83,219066612.5,n/a,2009,Technology,Computer Software: Prepackaged Software,http://www.nasdaq.com/symbol/rst
RBCN,"Rubicon Technology, Inc.",8.1178,22115452.42,n/a,2007,Technology,Semiconductors,http://www.nasdaq.com/symbol/rbcn
RMBL,"RumbleOn, Inc.",4.5,45083434.5,n/a,n/a,Technology,EDP Services,http://www.nasdaq.com/symbol/rmbl
SABR,Sabre Corporation,18.28,5094239927,n/a,2014,Technology,"Computer Software: Programming, Data Processing",http://www.nasdaq.com/symbol/sabr
CRM,Salesforce.com Inc,98.66,70906942000,n/a,2004,Technology,Computer Software: Prepackaged Software,http://www.nasdaq.com/symbol/crm
SANM,Sanmina Corporation,38.85,2928204648,n/a,1993,Technology,Electrical Products,http://www.nasdaq.com/symbol/sanm
SAP,SAP SE,112.3,1.35E+11,n/a,n/a,Technology,Computer Software: Prepackaged Software,http://www.nasdaq.com/symbol/sap
SPNS,Sapiens International Corporation N.V.,14.08,690426190.1,n/a,1992,Technology,Computer Software: Prepackaged Software,http://www.nasdaq.com/symbol/spns
SCSC,"ScanSource, Inc.",43.4,1103787860,n/a,n/a,Technology,Retail: Computer Software & Peripheral Equipment,http://www.nasdaq.com/symbol/scsc
SAIC,SCIENCE APPLICATIONS INTERNATIONAL CORPORATION,72.19,3121534727,n/a,n/a,Technology,EDP Services,http://www.nasdaq.com/symbol/saic
SGMS,Scientific Games Corp,43.85,3921274016,n/a,n/a,Technology,EDP Services,http://www.nasdaq.com/symbol/sgms
SEAC,"SeaChange International, Inc.",2.62,92975633.46,n/a,1996,Technology,Radio And Television Broadcasting And Communications Equipment,http://www.nasdaq.com/symbol/seac
STX,Seagate Technology PLC,38.84,11179424554,n/a,2002,Technology,Electronic Components,http://www.nasdaq.com/symbol/stx
SCWX,SecureWorks Corp.,10.8,875607321.6,n/a,2016,Technology,Computer Software: Prepackaged Software,http://www.nasdaq.com/symbol/scwx
SMI,Semiconductor  Manufacturing International Corporation,6.8,6325188640,n/a,2004,Technology,Semiconductors,http://www.nasdaq.com/symbol/smi
LEDS,SemiLEDS Corporation,2.07,7335904.05,n/a,2010,Technology,Semiconductors,http://www.nasdaq.com/symbol/leds
SMTC,Semtech Corporation,39,2581748520,n/a,n/a,Technology,Semiconductors,http://www.nasdaq.com/symbol/smtc
SQNS,Sequans Communications S.A.,1.84,146762790.2,n/a,2011,Technology,Semiconductors,http://www.nasdaq.com/symbol/sqns
NOW,"ServiceNow, Inc.",125.89,21489423000,n/a,2012,Technology,Computer Software: Prepackaged Software,http://www.nasdaq.com/symbol/now
SGOC,"SGOCO Group, Ltd",1.12,11345680.64,n/a,2010,Technology,Radio And Television Broadcasting And Communications Equipment,http://www.nasdaq.com/symbol/sgoc
SHSP,"SharpSpring, Inc.",4.56,38238974.4,n/a,n/a,Technology,Computer Software: Prepackaged Software,http://www.nasdaq.com/symbol/shsp
PIXY,"ShiftPixy, Inc.",2.7,77063197.5,n/a,2017,Technology,Diversified Commercial Services,http://www.nasdaq.com/symbol/pixy
SHOP,Shopify Inc.,106.41,9169304476,n/a,2015,Technology,Computer Software: Prepackaged Software,http://www.nasdaq.com/symbol/shop
SSTI,"ShotSpotter, Inc.",15.44,148300536.1,n/a,2017,Technology,Computer Software: Prepackaged Software,http://www.nasdaq.com/symbol/ssti
SSTK,"Shutterstock, Inc.",34.74,1203003088,n/a,2012,Technology,EDP Services,http://www.nasdaq.com/symbol/sstk
SWIR,"Sierra Wireless, Inc.",22.1,712004716.8,n/a,n/a,Technology,Radio And Television Broadcasting And Communications Equipment,http://www.nasdaq.com/symbol/swir
SIFY,Sify Technologies Limited,1.53,38398830.75,25097275,n/a,Technology,"Computer Software: Programming, Data Processing",http://www.nasdaq.com/symbol/sify
SIGM,"Sigma Designs, Inc.",5.95,229168956.5,n/a,1986,Technology,Semiconductors,http://www.nasdaq.com/symbol/sigm
SGMA,"SigmaTron International, Inc.",9.59,40285413.07,n/a,1994,Technology,Electrical Products,http://www.nasdaq.com/symbol/sgma
SILC,Silicom Ltd,70.8,527143240.8,n/a,n/a,Technology,Computer Communications Equipment,http://www.nasdaq.com/symbol/silc
SLAB,"Silicon Laboratories, Inc.",88.45,3763272332,n/a,2000,Technology,Semiconductors,http://www.nasdaq.com/symbol/slab
SIMO,Silicon Motion Technology Corporation,51.29,1829261286,35665067,2005,Technology,Semiconductors,http://www.nasdaq.com/symbol/simo
SPIL,"Siliconware Precision Industries Company, Ltd.",7.81,290220896.5,37160166,n/a,Technology,Semiconductors,http://www.nasdaq.com/symbol/spil
SSNI,"Silver Spring Networks, Inc.",16.14,871205033,n/a,2013,Technology,Computer Communications Equipment,http://www.nasdaq.com/symbol/ssni
SLP,"Simulations Plus, Inc.",17.1,294895416.6,n/a,n/a,Technology,EDP Services,http://www.nasdaq.com/symbol/slp
SINA,Sina Corporation,110.62,7910951689,n/a,n/a,Technology,Computer Software: Prepackaged Software,http://www.nasdaq.com/symbol/sina
SWKS,"Skyworks Solutions, Inc.",105.21,19331299709,n/a,n/a,Technology,Semiconductors,http://www.nasdaq.com/symbol/swks
SGH,"SMART Global Holdings, Inc.",31.48,685515909.3,n/a,2017,Technology,Semiconductors,http://www.nasdaq.com/symbol/sgh
SMSI,"Smith Micro Software, Inc.",1.57,22446318.26,n/a,1995,Technology,Computer Software: Prepackaged Software,http://www.nasdaq.com/symbol/smsi
SMTX,SMTC Corporation,1.46,24564787.62,n/a,2000,Technology,Electrical Products,http://www.nasdaq.com/symbol/smtx
SNAP,Snap Inc.,14.59,17466484461,n/a,2017,Technology,"Computer Software: Programming, Data Processing",http://www.nasdaq.com/symbol/snap
SRAX,"Social Reality, Inc.",4.19,33624821.23,n/a,n/a,Technology,Advertising,http://www.nasdaq.com/symbol/srax
SCKT,"Socket Mobile, Inc.",4.01,27993765.89,n/a,n/a,Technology,Computer Manufacturing,http://www.nasdaq.com/symbol/sckt
SOHU,Sohu.com Inc.,66.06,2567556134,n/a,n/a,Technology,EDP Services,http://www.nasdaq.com/symbol/sohu
SEDG,"SolarEdge Technologies, Inc.",31.25,1315134313,n/a,2015,Technology,Semiconductors,http://www.nasdaq.com/symbol/sedg
SOFO,"Sonic Foundry, Inc.",3.4799,15513655.19,n/a,n/a,Technology,Radio And Television Broadcasting And Communications Equipment,http://www.nasdaq.com/symbol/sofo
SONS,"Sonus Networks, Inc.",8.12,421445303.7,n/a,n/a,Technology,EDP Services,http://www.nasdaq.com/symbol/sons
SPA,Sparton Corporation,23.28,229555582.8,n/a,n/a,Technology,Electrical Products,http://www.nasdaq.com/symbol/spa
ANY,Sphere 3D Corp.,2.29,15106639.94,n/a,n/a,Technology,EDP Services,http://www.nasdaq.com/symbol/any
SPI,"SPI Energy Co., Ltd.",0.1355,86945630.81,n/a,n/a,Technology,Semiconductors,http://www.nasdaq.com/symbol/spi
SPLK,Splunk Inc.,65.41,9156756496,n/a,2012,Technology,Computer Software: Prepackaged Software,http://www.nasdaq.com/symbol/splk
SPSC,"SPS Commerce, Inc.",59.29,1021080344,n/a,2010,Technology,Computer Software: Prepackaged Software,http://www.nasdaq.com/symbol/spsc
SPXC,SPX Corporation,29.35,1248046998,n/a,n/a,Technology,Industrial Machinery/Components,http://www.nasdaq.com/symbol/spxc
FLOW,"SPX FLOW, Inc.",42.35,1793268442,n/a,2015,Technology,Industrial Machinery/Components,http://www.nasdaq.com/symbol/flow
SQ,"Square, Inc.",32.71,12550773127,n/a,2015,Technology,Computer Software: Prepackaged Software,http://www.nasdaq.com/symbol/sq
SSNC,"SS&C Technologies Holdings, Inc.",42.04,8636160833,n/a,2010,Technology,Computer Software: Prepackaged Software,http://www.nasdaq.com/symbol/ssnc
STAF,"Staffing 360 Solutions, Inc.",0.77,12322941.4,n/a,1996,Technology,Professional Services,http://www.nasdaq.com/symbol/staf
SXI,Standex International Corporation,105.05,1342131301,n/a,n/a,Technology,Industrial Machinery/Components,http://www.nasdaq.com/symbol/sxi
SRT,"StarTek, Inc.",11.77,187731088.1,n/a,1997,Technology,Professional Services,http://www.nasdaq.com/symbol/srt
STM,STMicroelectronics N.V.,21.11,18741673259,n/a,n/a,Technology,Semiconductors,http://www.nasdaq.com/symbol/stm
SSYS,"Stratasys, Ltd.",23.47,1240483380,n/a,1994,Technology,Computer peripheral equipment,http://www.nasdaq.com/symbol/ssys
STRM,"Streamline Health Solutions, Inc.",1.62,32381726.4,n/a,n/a,Technology,EDP Services,http://www.nasdaq.com/symbol/strm
SPWR,SunPower Corporation,6.92,965279754.5,n/a,2005,Technology,Semiconductors,http://www.nasdaq.com/symbol/spwr
SMCI,"Super Micro Computer, Inc.",22.45,1093157670,n/a,2007,Technology,Computer Manufacturing,http://www.nasdaq.com/symbol/smci
SPCB,"SuperCom, Ltd.",2.79,41677965.81,n/a,n/a,Technology,Semiconductors,http://www.nasdaq.com/symbol/spcb
SCON,Superconductor Technologies Inc.,1.08,11582201.88,n/a,1993,Technology,Radio And Television Broadcasting And Communications Equipment,http://www.nasdaq.com/symbol/scon
SPRT,"support.com, Inc.",2.27,42461621.2,n/a,2000,Technology,EDP Services,http://www.nasdaq.com/symbol/sprt
SWCH,"Switch, Inc.",18.68,4629258229,n/a,2017,Technology,"Computer Software: Programming, Data Processing",http://www.nasdaq.com/symbol/swch
SYKE,"Sykes Enterprises, Incorporated",29.19,1255439511,n/a,1996,Technology,EDP Services,http://www.nasdaq.com/symbol/syke
SYMC,Symantec Corporation,32.36,19886512102,n/a,1989,Technology,Computer Software: Prepackaged Software,http://www.nasdaq.com/symbol/symc
SYNC,"Synacor, Inc.",2.3,88937343,n/a,2012,Technology,"Computer Software: Programming, Data Processing",http://www.nasdaq.com/symbol/sync
SYNA,Synaptics Incorporated,35.53,1198603093,n/a,2002,Technology,Semiconductors,http://www.nasdaq.com/symbol/syna
SNCR,"Synchronoss Technologies, Inc.",11.12,528365076.4,n/a,2006,Technology,EDP Services,http://www.nasdaq.com/symbol/sncr
SNX,Synnex Corporation,132.02,5276200159,n/a,2003,Technology,Retail: Computer Software & Peripheral Equipment,http://www.nasdaq.com/symbol/snx
SNPS,"Synopsys, Inc.",84.77,12736494393,n/a,1992,Technology,Computer Software: Prepackaged Software,http://www.nasdaq.com/symbol/snps
SYNT,"Syntel, Inc.",23.91,2000682281,n/a,1997,Technology,EDP Services,http://www.nasdaq.com/symbol/synt
DATA,"Tableau Software, Inc.",78.86,6237430596,n/a,2013,Technology,Computer Software: Prepackaged Software,http://www.nasdaq.com/symbol/data
TSM,Taiwan Semiconductor Manufacturing Company Ltd.,41.32,2.14E+11,n/a,1997,Technology,Semiconductors,http://www.nasdaq.com/symbol/tsm
TTWO,"Take-Two Interactive Software, Inc.",105.22,11208856589,n/a,1997,Technology,Computer Software: Prepackaged Software,http://www.nasdaq.com/symbol/ttwo
TLND,Talend S.A.,41.15,761962163.9,18516699,2016,Technology,Computer Software: Prepackaged Software,http://www.nasdaq.com/symbol/tlnd
TECD,Tech Data Corporation,90.5,3452496537,n/a,1986,Technology,Retail: Computer Software & Peripheral Equipment,http://www.nasdaq.com/symbol/tecd
TCCO,Technical Communications Corporation,4.35,8003464.95,n/a,n/a,Technology,Radio And Television Broadcasting And Communications Equipment,http://www.nasdaq.com/symbol/tcco
TLRA,"Telaria, Inc.",4.47,225658741.8,n/a,2013,Technology,Advertising,http://www.nasdaq.com/symbol/tlra
TTEC,"TeleTech Holdings, Inc.",42.35,1941426911,n/a,1996,Technology,Professional Services,http://www.nasdaq.com/symbol/ttec
TNC,Tennant Company,70.65,1259279165,n/a,n/a,Technology,Industrial Machinery/Components,http://www.nasdaq.com/symbol/tnc
TDC,Teradata Corporation,32.56,4102560000,n/a,n/a,Technology,Computer Manufacturing,http://www.nasdaq.com/symbol/tdc
TXN,Texas Instruments Incorporated,96.44,95479325381,n/a,n/a,Technology,Semiconductors,http://www.nasdaq.com/symbol/txn
TGH,Textainer Group Holdings Limited,19.2,1090822656,n/a,2007,Technology,Diversified Commercial Services,http://www.nasdaq.com/symbol/tgh
DSGX,The Descartes Systems Group Inc.,29,2225082913,n/a,n/a,Technology,Computer Software: Prepackaged Software,http://www.nasdaq.com/symbol/dsgx
KEYW,The KEYW Holding Corporation,7.76,386376157.9,n/a,2010,Technology,EDP Services,http://www.nasdaq.com/symbol/keyw
MIDD,The Middleby Corporation,117.02,6741612422,n/a,n/a,Technology,Industrial Machinery/Components,http://www.nasdaq.com/symbol/midd
RUBI,"The Rubicon Project, Inc.",3.47,172882104,n/a,2014,Technology,"Computer Software: Programming, Data Processing",http://www.nasdaq.com/symbol/rubi
TSG,The Stars Group Inc.,20.1,2963761884,n/a,n/a,Technology,"Computer Software: Programming, Data Processing",http://www.nasdaq.com/symbol/tsg
TTD,"The Trade Desk, Inc.",63.31,2581860431,n/a,2016,Technology,"Computer Software: Programming, Data Processing",http://www.nasdaq.com/symbol/ttd
ULTI,"The Ultimate Software Group, Inc.",193.69,5777265813,n/a,1998,Technology,Computer Software: Prepackaged Software,http://www.nasdaq.com/symbol/ulti
TNTR,"Tintri, Inc.",2.85,89273676.45,n/a,2017,Technology,EDP Services,http://www.nasdaq.com/symbol/tntr
TISA,"Top Image Systems, Ltd.",1.36,24387832.8,n/a,1996,Technology,Computer peripheral equipment,http://www.nasdaq.com/symbol/tisa
TSEM,Tower Semiconductor Ltd.,32.52,3192410645,n/a,1994,Technology,Semiconductors,http://www.nasdaq.com/symbol/tsem
TACT,TransAct Technologies Incorporated,9.9,72902877.3,n/a,1996,Technology,Computer peripheral equipment,http://www.nasdaq.com/symbol/tact
TZOO,Travelzoo,7.75,98518000,n/a,n/a,Technology,EDP Services,http://www.nasdaq.com/symbol/tzoo
TRT,Trio-Tech International,5.25,18548538.75,n/a,n/a,Technology,Industrial Machinery/Components,http://www.nasdaq.com/symbol/trt
TRIP,"TripAdvisor, Inc.",39.3,5452979263,n/a,n/a,Technology,"Computer Software: Programming, Data Processing",http://www.nasdaq.com/symbol/trip
TRTN,Triton International Limited,39.74,1327128864,n/a,2016,Technology,Diversified Commercial Services,http://www.nasdaq.com/symbol/trtn
TRVG,trivago N.V.,10.76,325458354.8,30247059,2016,Technology,EDP Services,http://www.nasdaq.com/symbol/trvg
TBI,"TrueBlue, Inc.",23.85,1001742906,n/a,n/a,Technology,Professional Services,http://www.nasdaq.com/symbol/tbi
TRUE,"TrueCar, Inc.",15.52,1528674340,n/a,2014,Technology,"Computer Software: Programming, Data Processing",http://www.nasdaq.com/symbol/true
TSRI,"TSR, Inc.",4.8,9417897.6,n/a,n/a,Technology,EDP Services,http://www.nasdaq.com/symbol/tsri
TTMI,"TTM Technologies, Inc.",15.8,1608667552,n/a,2000,Technology,Electrical Products,http://www.nasdaq.com/symbol/ttmi
TCX,Tucows Inc.,57.9,612361458.9,n/a,n/a,Technology,EDP Services,http://www.nasdaq.com/symbol/tcx
TWLO,Twilio Inc.,31.9,2932260058,n/a,2016,Technology,Computer Software: Prepackaged Software,http://www.nasdaq.com/symbol/twlo
TWIN,"Twin Disc, Incorporated",22.26,257604362,n/a,n/a,Technology,Industrial Machinery/Components,http://www.nasdaq.com/symbol/twin
TWTR,"Twitter, Inc.",17.25,12728658131,n/a,2013,Technology,"Computer Software: Programming, Data Processing",http://www.nasdaq.com/symbol/twtr
TYL,"Tyler Technologies, Inc.",177.2,6610115345,n/a,n/a,Technology,Computer Software: Prepackaged Software,http://www.nasdaq.com/symbol/tyl
UBNT,"Ubiquiti Networks, Inc.",63.05,5066268630,n/a,2011,Technology,Radio And Television Broadcasting And Communications Equipment,http://www.nasdaq.com/symbol/ubnt
UCTT,"Ultra Clean Holdings, Inc.",33.34,1118897068,n/a,2004,Technology,Semiconductors,http://www.nasdaq.com/symbol/uctt
UIS,Unisys Corporation,8.5,428993954.5,n/a,n/a,Technology,EDP Services,http://www.nasdaq.com/symbol/uis
UMC,United Microelectronics Corporation,2.59,6539232000,n/a,n/a,Technology,Semiconductors,http://www.nasdaq.com/symbol/umc
URI,"United Rentals, Inc.",143.94,12173666341,n/a,1997,Technology,Diversified Commercial Services,http://www.nasdaq.com/symbol/uri
UPLD,"Upland Software, Inc.",21.88,450714762.6,n/a,2014,Technology,Computer Software: Prepackaged Software,http://www.nasdaq.com/symbol/upld
VRNS,"Varonis Systems, Inc.",44.35,1219819164,n/a,2014,Technology,Computer Software: Prepackaged Software,http://www.nasdaq.com/symbol/vrns
VDSI,"VASCO Data Security International, Inc.",12.2,490032300.4,n/a,n/a,Technology,EDP Services,http://www.nasdaq.com/symbol/vdsi
VECO,Veeco Instruments Inc.,18.725,906676053.3,n/a,1994,Technology,Industrial Machinery/Components,http://www.nasdaq.com/symbol/veco
VEEV,Veeva Systems Inc.,60.76,8543863705,n/a,2013,Technology,Computer Software: Prepackaged Software,http://www.nasdaq.com/symbol/veev
VRNT,Verint Systems Inc.,42.5,2708726493,n/a,2002,Technology,EDP Services,http://www.nasdaq.com/symbol/vrnt
VRSN,"VeriSign, Inc.",108.89,10880363499,n/a,1998,Technology,EDP Services,http://www.nasdaq.com/symbol/vrsn
VRSK,"Verisk Analytics, Inc.",84.88,13967497832,n/a,2009,Technology,EDP Services,http://www.nasdaq.com/symbol/vrsk
VERI,"Veritone, Inc.",41.04,613846278.7,n/a,2017,Technology,EDP Services,http://www.nasdaq.com/symbol/veri
VSAT,"ViaSat, Inc.",64.98,3769600851,n/a,1996,Technology,Radio And Television Broadcasting And Communications Equipment,http://www.nasdaq.com/symbol/vsat
VIAV,Viavi Solutions Inc.,9.57,2185351991,n/a,n/a,Technology,Semiconductors,http://www.nasdaq.com/symbol/viav
VRTU,Virtusa Corporation,37.6,1100543916,n/a,2007,Technology,EDP Services,http://www.nasdaq.com/symbol/vrtu
VMW,"Vmware, Inc.",119.63,48922362867,n/a,2007,Technology,Computer Software: Prepackaged Software,http://www.nasdaq.com/symbol/vmw
VISI,"Volt Information Sciences, Inc.",3.55,74585326.05,n/a,n/a,Technology,Professional Services,http://www.nasdaq.com/symbol/visi
VUZI,Vuzix Corporation,5.25,116417395.5,n/a,n/a,Technology,Radio And Television Broadcasting And Communications Equipment,http://www.nasdaq.com/symbol/vuzi
WSTG,"Wayside Technology Group, Inc.",14.1,63503410.8,n/a,n/a,Technology,Retail: Computer Software & Peripheral Equipment,http://www.nasdaq.com/symbol/wstg
WEB,"Web.com Group, Inc.",24.7,1199577384,n/a,n/a,Technology,Computer Software: Prepackaged Software,http://www.nasdaq.com/symbol/web
WB,Weibo Corporation,95.83,5457523675,56950054,2014,Technology,"Computer Software: Programming, Data Processing",http://www.nasdaq.com/symbol/wb
WBT,"Welbilt, Inc.",21.63,3008745394,n/a,2016,Technology,Industrial Machinery/Components,http://www.nasdaq.com/symbol/wbt
WDC,Western Digital Corporation,87.89,25943204439,n/a,n/a,Technology,Electronic Components,http://www.nasdaq.com/symbol/wdc
WYY,WidePoint Corporation,0.5395,44749823.96,n/a,n/a,Technology,EDP Services,http://www.nasdaq.com/symbol/wyy
WIT,Wipro Limited,5.31,25694513461,n/a,n/a,Technology,EDP Services,http://www.nasdaq.com/symbol/wit
WIX,Wix.com Ltd.,69.75,3127544105,n/a,2013,Technology,"Computer Software: Programming, Data Processing",http://www.nasdaq.com/symbol/wix
WDAY,"Workday, Inc.",107.18,22293440000,n/a,n/a,Technology,EDP Services,http://www.nasdaq.com/symbol/wday
WK,Workiva Inc.,22.15,926453696.8,n/a,2014,Technology,Computer Software: Prepackaged Software,http://www.nasdaq.com/symbol/wk
WPPGY,WPP plc,87.07,1180536767,13558479,n/a,Technology,Advertising,http://www.nasdaq.com/symbol/wppgy
WSCI,WSI Industries Inc.,3.5,10359212.5,n/a,n/a,Technology,Industrial Machinery/Components,http://www.nasdaq.com/symbol/wsci
XRX,Xerox Corporation,33.45,8501979308,n/a,n/a,Technology,Computer peripheral equipment,http://www.nasdaq.com/symbol/xrx
XLNX,"Xilinx, Inc.",71.61,17802354489,n/a,1990,Technology,Semiconductors,http://www.nasdaq.com/symbol/xlnx
XPER,Xperi Corporation,22,1089419936,n/a,n/a,Technology,Semiconductors,http://www.nasdaq.com/symbol/xper
XPLR,Xplore Technologies Corp,3.163,34809415.97,n/a,n/a,Technology,Computer Manufacturing,http://www.nasdaq.com/symbol/xplr
XNET,Xunlei Limited,6.83,189454863.4,27738633,2014,Technology,Computer Software: Prepackaged Software,http://www.nasdaq.com/symbol/xnet
YNDX,Yandex N.V.,32.82,10667192732,n/a,2011,Technology,"Computer Software: Programming, Data Processing",http://www.nasdaq.com/symbol/yndx
YEXT,"Yext, Inc.",11.96,1079226531,n/a,2017,Technology,EDP Services,http://www.nasdaq.com/symbol/yext
YGE,Yingli Green Energy Holding Company Limited,2.33,42350958.41,n/a,2007,Technology,Semiconductors,http://www.nasdaq.com/symbol/yge
YUME,"YuMe, Inc.",4.2,145727236.2,n/a,2013,Technology,Advertising,http://www.nasdaq.com/symbol/yume
YY,YY Inc.,94.05,3659481174,38909954,2012,Technology,EDP Services,http://www.nasdaq.com/symbol/yy
ZBRA,Zebra Technologies Corporation,111.78,5936439067,n/a,1991,Technology,Industrial Machinery/Components,http://www.nasdaq.com/symbol/zbra
ZDGE,"Zedge, Inc.",2.1001,20261004.56,n/a,2016,Technology,Computer Software: Prepackaged Software,http://www.nasdaq.com/symbol/zdge
ZEN,"Zendesk, Inc.",30.29,3044106683,n/a,2014,Technology,EDP Services,http://www.nasdaq.com/symbol/zen
ZIXI,Zix Corporation,5.06,279424291.5,n/a,n/a,Technology,EDP Services,http://www.nasdaq.com/symbol/zixi
ZNGA,Zynga Inc.,3.79,3280096356,n/a,2011,Technology,EDP Services,http://www.nasdaq.com/symbol/znga